loss,grad_norm,learning_rate,epoch,step,eval_loss,eval_accuracy,eval_runtime,eval_samples_per_second,eval_steps_per_second,train_runtime,train_samples_per_second,train_steps_per_second,total_flos,train_loss
0.1786,338.650146484375,7.856732882545843e-06,0.8944543828264758,500,,,,,,,,,,
,,,1.0,559,2.941723346710205,0.7170993733213966,8.3997,132.981,8.334,,,,,
0.3034,0.8480499386787415,1.5104219919595403e-06,1.7889087656529516,1000,,,,,,,,,,
,,,2.0,1118,2.8166663646698,0.7054610564010743,8.3517,133.746,8.382,,,,,
,,,2.0,1118,,,,,,400.7535,44.601,2.79,4703100353298432.0,0.24515716334361723
