loss,grad_norm,learning_rate,epoch,step,eval_loss,eval_accuracy,eval_runtime,eval_samples_per_second,eval_steps_per_second,train_runtime,train_samples_per_second,train_steps_per_second,total_flos,train_loss
0.1707,0.02283117175102234,2.7161837191348628e-05,0.8944543828264758,500,,,,,,,,,,
,,,1.0,559,3.18865704536438,0.6982990152193375,8.3986,132.998,8.335,,,,,
0.2992,86.7967300415039,5.2217425295161335e-06,1.7889087656529516,1000,,,,,,,,,,
,,,2.0,1118,3.1808087825775146,0.7153088630259624,8.4368,132.397,8.297,,,,,
,,,2.0,1118,,,,,,398.656,44.836,2.804,4703100353298432.0,0.24559113463263604
