loss,grad_norm,learning_rate,epoch,step,eval_loss,eval_accuracy,eval_runtime,eval_samples_per_second,eval_steps_per_second,train_runtime,train_samples_per_second,train_steps_per_second,total_flos,train_loss
0.0535,0.008075366728007793,2.1973389545715168e-05,0.4472271914132379,500,,,,,,,,,,
0.1161,166.54275512695312,1.5648291806591633e-05,0.8944543828264758,1000,,,,,,,,,,
,,,1.0,1118,2.613274574279785,0.6965085049239033,8.8522,126.183,15.815,,,,,
0.4014,41.13443374633789,9.323194067468095e-06,1.341681574239714,1500,,,,,,,,,,
0.4527,9.700772285461426,2.998096328344557e-06,1.7889087656529516,2000,,,,,,,,,,
,,,2.0,2236,2.7287237644195557,0.7144136078782453,8.7732,127.32,15.958,,,,,
,,,2.0,2236,,,,,,446.3377,40.046,5.01,4703100353298432.0,0.26985450294235314
