loss,grad_norm,learning_rate,epoch,step,eval_loss,eval_accuracy,eval_runtime,eval_samples_per_second,eval_steps_per_second,train_runtime,train_samples_per_second,train_steps_per_second,total_flos,train_loss
0.7028,39.69621276855469,2.0407849539756762e-05,0.8944543828264758,500,,,,,,,,,,
,,,1.0,559,1.0193814039230347,0.6025067144136079,8.3629,133.566,8.37,,,,,
0.6352,12.128056526184082,3.9233184090970195e-06,1.7889087656529516,1000,,,,,,,,,,
,,,2.0,1118,1.1941289901733398,0.6589077887197852,8.3953,133.05,8.338,,,,,
,,,2.0,1118,,,,,,399.7561,44.712,2.797,4703100353298432.0,0.6563740561388046
