loss,grad_norm,learning_rate,epoch,step,eval_loss,eval_accuracy,eval_runtime,eval_samples_per_second,eval_steps_per_second,train_runtime,train_samples_per_second,train_steps_per_second,total_flos,train_loss
0.1055,0.02937919646501541,2.2362520842561992e-05,0.8944543828264758,500,,,,,,,,,,
,,,1.0,559,3.633823871612549,0.7332139659803044,8.406,132.881,8.327,,,,,
0.1239,0.02970096468925476,4.299095283141966e-06,1.7889087656529516,1000,,,,,,,,,,
,,,2.0,1118,3.3774399757385254,0.7179946284691137,8.3698,133.456,8.363,,,,,
,,,2.0,1118,,,,,,398.9588,44.802,2.802,4703100353298432.0,0.13981998286648173
