loss,grad_norm,learning_rate,epoch,step,eval_loss,eval_accuracy,eval_runtime,eval_samples_per_second,eval_steps_per_second,train_runtime,train_samples_per_second,train_steps_per_second,total_flos,train_loss
0.574,11.96916389465332,3.6099615073106875e-05,0.4472271914132379,500,,,,,,,,,,
0.8086,54.1762580871582,2.5708246312857346e-05,0.8944543828264758,1000,,,,,,,,,,
,,,1.0,1118,1.2645018100738525,0.7072515666965085,8.7748,127.296,15.955,,,,,
0.5904,60.9427375793457,1.5316877552607814e-05,1.341681574239714,1500,,,,,,,,,,
0.4793,2.843353509902954,4.925508792358279e-06,1.7889087656529516,2000,,,,,,,,,,
,,,2.0,2236,1.731554627418518,0.7045658012533572,8.7848,127.151,15.937,,,,,
,,,2.0,2236,,,,,,446.3199,40.048,5.01,4703100353298432.0,0.5968144166021739
