loss,grad_norm,learning_rate,epoch,step,eval_loss,eval_accuracy,eval_runtime,eval_samples_per_second,eval_steps_per_second,train_runtime,train_samples_per_second,train_steps_per_second,total_flos,train_loss
0.0182,0.0015331079484894872,1.3215476358794232e-05,0.4472271914132379,500,,,,,,,,,,
0.0624,0.02807721309363842,9.411366871518979e-06,0.8944543828264758,1000,,,,,,,,,,
,,,1.0,1118,3.3989439010620117,0.7224709042076992,8.8116,126.765,15.888,,,,,
0.2585,23.719619750976562,5.607257384243725e-06,1.341681574239714,1500,,,,,,,,,,
0.3781,19.770915985107422,1.8031478969684704e-06,1.7889087656529516,2000,,,,,,,,,,
,,,2.0,2236,3.2957355976104736,0.7188898836168308,8.7485,127.679,16.003,,,,,
,,,2.0,2236,,,,,,445.647,40.108,5.017,4703100353298432.0,0.20013259732446007
