loss,grad_norm,learning_rate,epoch,step,eval_loss,eval_accuracy,eval_runtime,eval_samples_per_second,eval_steps_per_second,train_runtime,train_samples_per_second,train_steps_per_second,total_flos,train_loss
0.901,12.710623741149902,2.123342665197072e-06,0.4472271914132379,500,,,,,,,,,,
0.9228,34.6712532043457,4.082031941170462e-07,0.8944543828264758,1000,,,,,,,,,,
,,,1.0,1118,1.0457550287246704,0.631154879140555,8.7589,127.527,15.984,,,,,
,,,1.0,1118,,,,,,221.3762,40.37,5.05,2351550176649216.0,0.9278830458311788
