loss,grad_norm,learning_rate,epoch,step,eval_loss,eval_accuracy,eval_runtime,eval_samples_per_second,eval_steps_per_second,train_runtime,train_samples_per_second,train_steps_per_second,total_flos,train_loss
0.909,24.99258041381836,2.0812761871738054e-05,0.8944543828264758,500,,,,,,,,,,
,,,1.0,559,0.5095465779304504,0.5810205908683975,13.0733,85.441,5.354,,,,,
0.438,3.895636796951294,4.001161006036879e-06,1.7889087656529516,1000,,,,,,,,,,
,,,2.0,1118,0.5070105791091919,0.640107430617726,13.0901,85.332,5.348,,,,,
,,,2.0,1118,,,,,,602.9827,29.643,1.854,4703100353298432.0,0.6449287837647795
