loss,grad_norm,learning_rate,epoch,step,eval_loss,eval_accuracy,eval_runtime,eval_samples_per_second,eval_steps_per_second,train_runtime,train_samples_per_second,train_steps_per_second,total_flos,train_loss
0.7193,28.002111434936523,2.5919448933545436e-05,0.8944543828264758,500,,,,,,,,,,
,,,1.0,559,0.3905695974826813,0.6114592658907789,13.0692,85.468,5.356,,,,,
0.3187,2.521458387374878,4.982898906448961e-06,1.7889087656529516,1000,,,,,,,,,,
,,,2.0,1118,0.4226963222026825,0.666965085049239,13.0827,85.38,5.351,,,,,
,,,2.0,1118,,,,,,603.2787,29.628,1.853,4703100353298432.0,0.4988963275561392
