loss,grad_norm,learning_rate,epoch,step,eval_loss,eval_accuracy,eval_runtime,eval_samples_per_second,eval_steps_per_second,train_runtime,train_samples_per_second,train_steps_per_second,total_flos,train_loss
0.7184,28.705053329467773,2.0129866530930672e-05,0.8944543828264758,500,,,,,,,,,,
,,,1.0,559,0.39291977882385254,0.5837063563115488,13.0316,85.715,5.372,,,,,
0.334,2.3437399864196777,3.86987741063126e-06,1.7889087656529516,1000,,,,,,,,,,
,,,2.0,1118,0.4031389355659485,0.639212175470009,13.083,85.378,5.35,,,,,
,,,2.0,1118,,,,,,596.3784,29.971,1.875,4703100353298432.0,0.5070231476921941
