loss,grad_norm,learning_rate,epoch,step,eval_loss,eval_accuracy,eval_runtime,eval_samples_per_second,eval_steps_per_second,train_runtime,train_samples_per_second,train_steps_per_second,total_flos,train_loss
0.9491,32.565093994140625,1.358945961496374e-05,0.8944543828264758,500,,,,,,,,,,
,,,1.0,559,0.5524051189422607,0.6204118173679498,13.1023,85.252,5.343,,,,,
0.4927,4.9317851066589355,2.6125132377717046e-06,1.7889087656529516,1000,,,,,,,,,,
,,,2.0,1118,0.5162025690078735,0.630259623992838,13.0914,85.323,5.347,,,,,
,,,2.0,1118,,,,,,606.5078,29.47,1.843,4703100353298432.0,0.6936307780857802
