loss,grad_norm,learning_rate,epoch,step,eval_loss,eval_accuracy,eval_runtime,eval_samples_per_second,eval_steps_per_second,train_runtime,train_samples_per_second,train_steps_per_second,total_flos,train_loss
1.32,4.2524189949035645,3.410238664886236e-05,0.4472271914132379,500,,,,,,,,,,
1.0971,64.23682403564453,2.4285925322189262e-05,0.8944543828264758,1000,,,,,,,,,,
,,,1.0,1118,0.8583502173423767,0.6615935541629364,13.0108,85.852,10.76,,,,,
0.7689,13.76672077178955,1.4469463995516156e-05,1.341681574239714,1500,,,,,,,,,,
0.6011,7.771406173706055,4.653002668843051e-06,1.7889087656529516,2000,,,,,,,,,,
,,,2.0,2236,0.8767277002334595,0.7072515666965085,12.986,86.016,10.781,,,,,
,,,2.0,2236,,,,,,641.5015,27.863,3.486,4703100353298432.0,0.917014809541924
